{"cameraMode":{"drawMode":0,"name":"Shaded","section":"Shading Mode"},"sceneLighting":false,"audioPlay":false,"sceneViewState":{"showFog":true,"showMaterialUpdate":false,"showSkybox":false,"showFlares":true,"showImageEffects":true,"showParticleSystems":true},"in2DMode":false,"pivot":{"x":0.0010951757431030274,"y":0.01622217893600464,"z":3.197019100189209},"rotation":{"x":-0.10807854682207108,"y":-0.147068589925766,"z":0.01616920903325081,"w":-0.983070969581604},"size":0.30408865213394167,"orthographic":false}