{"cameraMode":{"drawMode":0,"name":"Shaded","section":"Shading Mode"},"sceneLighting":true,"audioPlay":false,"sceneViewState":{"showFog":true,"showMaterialUpdate":false,"showSkybox":true,"showFlares":true,"showImageEffects":true,"showParticleSystems":true},"in2DMode":false,"pivot":{"x":0.11919866502285004,"y":0.21790607273578645,"z":15.0366849899292},"rotation":{"x":-0.06724938750267029,"y":-0.795660674571991,"z":0.08989138901233673,"w":-0.595248818397522},"size":17.475900650024415,"orthographic":false}