{"cameraMode":{"drawMode":0,"name":"Shaded","section":"Shading Mode"},"sceneLighting":false,"audioPlay":false,"sceneViewState":{"showFog":true,"showMaterialUpdate":false,"showSkybox":false,"showFlares":true,"showImageEffects":true,"showParticleSystems":true},"in2DMode":false,"pivot":{"x":-6.427803039550781,"y":2.6080567836761476,"z":0.38902127742767336},"rotation":{"x":-0.17996564507484437,"y":-0.6889464855194092,"z":0.18290595710277558,"w":-0.6778721213340759},"size":4.968600273132324,"orthographic":false}